epoch,train_loss,train_acc,val_loss,val_acc
0,0.7193964123725891,0.46296296296296297,0.7009474039077759,0.5416666666666666
1,0.7293198108673096,0.5,0.6966584920883179,0.5208333333333334
2,0.7165828943252563,0.5,0.6992385387420654,0.5416666666666666
3,0.7097022533416748,0.5092592592592593,0.6942765116691589,0.5416666666666666
4,0.7104082703590393,0.5,0.695918083190918,0.5416666666666666
5,0.6962510347366333,0.49074074074074076,0.6894044876098633,0.5625
6,0.7125061750411987,0.5185185185185185,0.688781201839447,0.5625
7,0.6976668238639832,0.5370370370370371,0.6808327436447144,0.5625
8,0.6995725035667419,0.5092592592592593,0.6828066110610962,0.5416666666666666
9,0.700623631477356,0.5092592592592593,0.6838509440422058,0.5416666666666666
10,0.6881599426269531,0.5462962962962963,0.6812569499015808,0.5833333333333334
11,0.6981621980667114,0.5,0.6776511073112488,0.6041666666666666
12,0.6945217251777649,0.5370370370370371,0.6780365705490112,0.5416666666666666
13,0.7025467157363892,0.5092592592592593,0.679068922996521,0.5
14,0.6817546486854553,0.5185185185185185,0.6752277612686157,0.5416666666666666
15,0.724615216255188,0.42592592592592593,0.6792489886283875,0.5208333333333334
16,0.6991573572158813,0.5092592592592593,0.6765389442443848,0.6041666666666666
17,0.6965110301971436,0.5370370370370371,0.6746701002120972,0.6458333333333334
18,0.6726139783859253,0.5277777777777778,0.675299882888794,0.6041666666666666
19,0.7003163695335388,0.5185185185185185,0.6749711036682129,0.5833333333333334
20,0.7143840789794922,0.5,0.6762241721153259,0.6458333333333334
21,0.6860429048538208,0.5,0.6724583506584167,0.625
22,0.6745827794075012,0.6111111111111112,0.6724928617477417,0.625
23,0.7024275064468384,0.5185185185185185,0.6702811121940613,0.6041666666666666
24,0.6889407634735107,0.5277777777777778,0.6693834662437439,0.6041666666666666
25,0.679768443107605,0.5833333333333334,0.6692406535148621,0.5833333333333334
26,0.7031768560409546,0.5370370370370371,0.6682971715927124,0.6458333333333334
27,0.6708118319511414,0.5740740740740741,0.6678974628448486,0.625
28,0.6785246133804321,0.5185185185185185,0.6662009954452515,0.5833333333333334
29,0.6960006952285767,0.5370370370370371,0.6681856513023376,0.6041666666666666
30,0.6567078828811646,0.6111111111111112,0.664976954460144,0.6041666666666666
31,0.6814937591552734,0.5833333333333334,0.6710485219955444,0.5416666666666666
32,0.6504687070846558,0.6018518518518519,0.6653396487236023,0.5208333333333334
33,0.6769225001335144,0.5740740740740741,0.6651959419250488,0.5416666666666666
34,0.6764804124832153,0.5648148148148148,0.6655144691467285,0.5208333333333334
35,0.6846792697906494,0.5277777777777778,0.6608123779296875,0.5208333333333334
36,0.6583045721054077,0.5555555555555556,0.6630872488021851,0.5208333333333334
37,0.678774356842041,0.5277777777777778,0.6626197099685669,0.6041666666666666
38,0.6536127924919128,0.6296296296296297,0.6635797023773193,0.5833333333333334
39,0.6586445569992065,0.6203703703703703,0.6610077619552612,0.5833333333333334
40,0.6505541205406189,0.6111111111111112,0.6550163626670837,0.6041666666666666
41,0.6530308127403259,0.6111111111111112,0.6566466093063354,0.6458333333333334
42,0.6659161448478699,0.6111111111111112,0.6555815935134888,0.6458333333333334
43,0.6706371903419495,0.6388888888888888,0.6565449237823486,0.6041666666666666
44,0.6382343769073486,0.6388888888888888,0.6515681147575378,0.6666666666666666
45,0.6363892555236816,0.7037037037037037,0.6534697413444519,0.625
46,0.6780611872673035,0.5925925925925926,0.6510552167892456,0.6458333333333334
47,0.6672097444534302,0.6018518518518519,0.6526076793670654,0.6666666666666666
48,0.6397808194160461,0.6851851851851852,0.6508871912956238,0.6666666666666666
49,0.6724781394004822,0.5740740740740741,0.6494710445404053,0.625
50,0.6563897132873535,0.6203703703703703,0.6478497385978699,0.6458333333333334
51,0.6368680000305176,0.6851851851851852,0.64789217710495,0.6458333333333334
52,0.6456928849220276,0.6388888888888888,0.6467581987380981,0.6458333333333334
53,0.6337620615959167,0.6481481481481481,0.6454050540924072,0.6458333333333334
54,0.6628646850585938,0.5648148148148148,0.64339280128479,0.7083333333333334
55,0.6661320328712463,0.6574074074074074,0.6411342620849609,0.6666666666666666
56,0.634462833404541,0.6574074074074074,0.6467187404632568,0.625
57,0.6425018310546875,0.6203703703703703,0.6423801779747009,0.6458333333333334
58,0.6336261630058289,0.6388888888888888,0.6397126913070679,0.6458333333333334
59,0.6185833811759949,0.7129629629629629,0.6401867866516113,0.6666666666666666
60,0.6369832158088684,0.6481481481481481,0.6386791467666626,0.6458333333333334
61,0.6347251534461975,0.6574074074074074,0.6344671249389648,0.6666666666666666
62,0.6274935007095337,0.6759259259259259,0.6379338502883911,0.6458333333333334
63,0.6160628199577332,0.7314814814814815,0.6334466934204102,0.6458333333333334
64,0.6274688243865967,0.6574074074074074,0.6311710476875305,0.6458333333333334
65,0.643150806427002,0.5555555555555556,0.6341156959533691,0.6458333333333334
66,0.6600764989852905,0.6018518518518519,0.6298139095306396,0.6458333333333334
67,0.6020779013633728,0.7222222222222222,0.6299947500228882,0.6458333333333334
68,0.6216299533843994,0.6388888888888888,0.6303330659866333,0.6458333333333334
69,0.6104246377944946,0.7129629629629629,0.6286219358444214,0.6458333333333334
70,0.6079826354980469,0.6851851851851852,0.6227291822433472,0.6458333333333334
71,0.6115998029708862,0.7129629629629629,0.6237852573394775,0.6458333333333334
72,0.6161897778511047,0.6388888888888888,0.6214379668235779,0.6458333333333334
73,0.5772594213485718,0.7407407407407407,0.6221706867218018,0.6458333333333334
74,0.6176220774650574,0.6666666666666666,0.6207255125045776,0.6458333333333334
75,0.6059004068374634,0.75,0.6188452243804932,0.6458333333333334
76,0.5819306373596191,0.6666666666666666,0.6170381903648376,0.6458333333333334
77,0.6040560603141785,0.7037037037037037,0.6121450662612915,0.6458333333333334
78,0.5825464129447937,0.7037037037037037,0.6137657165527344,0.6458333333333334
79,0.5981763005256653,0.7222222222222222,0.6119024753570557,0.6666666666666666
80,0.5919982194900513,0.7314814814814815,0.609910249710083,0.6458333333333334
81,0.6060381531715393,0.7129629629629629,0.6133357286453247,0.6458333333333334
82,0.5846920609474182,0.6944444444444444,0.6103005409240723,0.6458333333333334
83,0.5883059501647949,0.7037037037037037,0.6079951524734497,0.6458333333333334
84,0.6023117303848267,0.6944444444444444,0.6064414978027344,0.6666666666666666
85,0.5765217542648315,0.7314814814814815,0.6025437712669373,0.6458333333333334
86,0.5728933811187744,0.7407407407407407,0.6039832234382629,0.6458333333333334
87,0.5645959377288818,0.7129629629629629,0.6010732650756836,0.6666666666666666
88,0.5633530020713806,0.7407407407407407,0.5997611880302429,0.6666666666666666
89,0.5618627071380615,0.7407407407407407,0.5969365239143372,0.6666666666666666
90,0.5535991191864014,0.7870370370370371,0.5916928648948669,0.6666666666666666
91,0.5761916637420654,0.7037037037037037,0.5917393565177917,0.6666666666666666
92,0.5806806683540344,0.7592592592592593,0.5899794697761536,0.6875
93,0.582148015499115,0.7037037037037037,0.5853210687637329,0.6875
94,0.5864176154136658,0.7407407407407407,0.5911783576011658,0.7083333333333334
95,0.5434515476226807,0.75,0.5858677625656128,0.6875
96,0.5730420351028442,0.6944444444444444,0.5804184675216675,0.6875
97,0.5696150064468384,0.7592592592592593,0.5795732736587524,0.6875
98,0.5654541254043579,0.7222222222222222,0.5760201215744019,0.7083333333333334
99,0.5466117858886719,0.7592592592592593,0.5735001564025879,0.7083333333333334
100,0.5225184559822083,0.7685185185185185,0.5742834806442261,0.7083333333333334
101,0.5448179841041565,0.7870370370370371,0.5702474117279053,0.7291666666666666
102,0.5409747362136841,0.7314814814814815,0.56488037109375,0.7083333333333334
103,0.5500003695487976,0.7129629629629629,0.5648786425590515,0.6875
104,0.5117990970611572,0.8148148148148148,0.5661489367485046,0.6875
105,0.5188090205192566,0.7685185185185185,0.5606909990310669,0.7083333333333334
106,0.5129023790359497,0.7962962962962963,0.5545066595077515,0.7083333333333334
107,0.5127149820327759,0.7314814814814815,0.5603340864181519,0.7083333333333334
108,0.5068817138671875,0.7962962962962963,0.553632378578186,0.7083333333333334
109,0.5211922526359558,0.8055555555555556,0.5523250102996826,0.7083333333333334
110,0.5174857378005981,0.7407407407407407,0.5484867095947266,0.7083333333333334
111,0.49512436985969543,0.7962962962962963,0.5445793867111206,0.7083333333333334
112,0.48831820487976074,0.8148148148148148,0.5388805270195007,0.7083333333333334
113,0.5006693005561829,0.8333333333333334,0.5395476818084717,0.7083333333333334
114,0.5177895426750183,0.7685185185185185,0.543634831905365,0.7083333333333334
115,0.5154098868370056,0.8240740740740741,0.5351171493530273,0.7083333333333334
116,0.5071028470993042,0.8425925925925926,0.5339149236679077,0.7083333333333334
117,0.4805271327495575,0.8055555555555556,0.5321948528289795,0.7083333333333334
118,0.4702014625072479,0.8240740740740741,0.5271924734115601,0.7083333333333334
119,0.4838147759437561,0.8518518518518519,0.523056149482727,0.7083333333333334
120,0.4746335744857788,0.8425925925925926,0.518325686454773,0.7083333333333334
121,0.4815196692943573,0.8055555555555556,0.5184714794158936,0.7083333333333334
122,0.47220268845558167,0.8148148148148148,0.5134401321411133,0.7291666666666666
123,0.4661758244037628,0.8518518518518519,0.5090191960334778,0.7291666666666666
124,0.4583317041397095,0.8611111111111112,0.5088097453117371,0.7291666666666666
125,0.45807385444641113,0.7870370370370371,0.5064393281936646,0.7291666666666666
126,0.4670562744140625,0.8055555555555556,0.5035668611526489,0.7291666666666666
127,0.448422372341156,0.8611111111111112,0.502438485622406,0.7291666666666666
128,0.45682165026664734,0.8333333333333334,0.49962180852890015,0.7291666666666666
129,0.4705106317996979,0.8148148148148148,0.4999189078807831,0.7291666666666666
130,0.4413165748119354,0.8611111111111112,0.49455851316452026,0.7291666666666666
131,0.42217007279396057,0.8240740740740741,0.4968695342540741,0.7291666666666666
132,0.40595048666000366,0.8425925925925926,0.4940679967403412,0.7083333333333334
133,0.406726211309433,0.8425925925925926,0.4875422716140747,0.75
134,0.43313464522361755,0.8425925925925926,0.48375701904296875,0.75
135,0.43561750650405884,0.8611111111111112,0.4808066785335541,0.7708333333333334
136,0.4304715692996979,0.8148148148148148,0.47489139437675476,0.7708333333333334
137,0.4311872124671936,0.8518518518518519,0.4768677353858948,0.7708333333333334
138,0.39444392919540405,0.8703703703703703,0.4695972800254822,0.7708333333333334
139,0.404710978269577,0.8611111111111112,0.468664288520813,0.7708333333333334
140,0.39276695251464844,0.8518518518518519,0.4679318070411682,0.7708333333333334
141,0.3917265236377716,0.8518518518518519,0.4647409915924072,0.7708333333333334
142,0.4005850851535797,0.8333333333333334,0.4653414487838745,0.7708333333333334
143,0.4079420268535614,0.8611111111111112,0.46718189120292664,0.7916666666666666
144,0.38274234533309937,0.8518518518518519,0.46878331899642944,0.7916666666666666
145,0.3678768277168274,0.8888888888888888,0.46553298830986023,0.7916666666666666
146,0.3724417984485626,0.8796296296296297,0.46089670062065125,0.7916666666666666
147,0.3696158528327942,0.8518518518518519,0.456027626991272,0.7916666666666666
148,0.3775182068347931,0.8240740740740741,0.46047765016555786,0.7916666666666666
149,0.3814812898635864,0.8425925925925926,0.4540623128414154,0.7916666666666666
150,0.35816919803619385,0.8611111111111112,0.4516805112361908,0.7916666666666666
151,0.3710156977176666,0.8425925925925926,0.4472211003303528,0.7916666666666666
152,0.3571210503578186,0.8703703703703703,0.4478328824043274,0.7916666666666666
153,0.3569360077381134,0.8796296296296297,0.4448707699775696,0.8125
154,0.36432945728302,0.8518518518518519,0.45063167810440063,0.7916666666666666
155,0.34210968017578125,0.8981481481481481,0.4515031576156616,0.7916666666666666
156,0.3398644030094147,0.8796296296296297,0.4536007046699524,0.7916666666666666
157,0.32622939348220825,0.8888888888888888,0.45153865218162537,0.7916666666666666
158,0.3465897738933563,0.8796296296296297,0.4476211667060852,0.7916666666666666
159,0.344821959733963,0.8888888888888888,0.4444504678249359,0.7916666666666666
160,0.3409424424171448,0.8703703703703703,0.44638413190841675,0.7916666666666666
161,0.3289535641670227,0.8333333333333334,0.44074445962905884,0.8125
162,0.32584768533706665,0.8611111111111112,0.4361204504966736,0.8333333333333334
163,0.3313278257846832,0.8888888888888888,0.44116950035095215,0.8125
164,0.32121849060058594,0.8796296296296297,0.4391929507255554,0.8333333333333334
165,0.31796371936798096,0.8796296296296297,0.4409153461456299,0.7916666666666666
166,0.32465362548828125,0.8796296296296297,0.4399489164352417,0.8333333333333334
167,0.31779366731643677,0.8703703703703703,0.4429672956466675,0.7916666666666666
168,0.30020496249198914,0.8981481481481481,0.4417942464351654,0.7916666666666666
169,0.3175317347049713,0.8518518518518519,0.4490426182746887,0.7916666666666666
170,0.29151618480682373,0.9166666666666666,0.4448099732398987,0.7916666666666666
171,0.30091872811317444,0.8796296296296297,0.4456937909126282,0.7916666666666666
172,0.3038657307624817,0.8796296296296297,0.44207823276519775,0.8125
173,0.30478158593177795,0.8981481481481481,0.4422416388988495,0.8333333333333334
174,0.2798784077167511,0.8981481481481481,0.4391608238220215,0.8541666666666666
175,0.2859690189361572,0.9074074074074074,0.4356234073638916,0.8333333333333334
176,0.2867937386035919,0.9074074074074074,0.44105613231658936,0.8125
177,0.26972830295562744,0.9074074074074074,0.43721437454223633,0.8333333333333334
178,0.2693618834018707,0.8888888888888888,0.43628960847854614,0.8333333333333334
179,0.2737310826778412,0.8981481481481481,0.43845829367637634,0.8541666666666666
180,0.26988622546195984,0.9166666666666666,0.4384148120880127,0.8333333333333334
181,0.27090662717819214,0.8981481481481481,0.44027233123779297,0.8541666666666666
182,0.2546440362930298,0.8981481481481481,0.4442243278026581,0.8125
183,0.26449114084243774,0.9074074074074074,0.44547051191329956,0.8125
184,0.24020102620124817,0.9074074074074074,0.4402009844779968,0.7916666666666666
185,0.26404327154159546,0.8888888888888888,0.4427950978279114,0.8125
186,0.2607588469982147,0.9074074074074074,0.4337250590324402,0.8541666666666666
187,0.2555452883243561,0.9074074074074074,0.4363631010055542,0.8541666666666666
188,0.2401972860097885,0.9351851851851852,0.43676885962486267,0.8541666666666666
189,0.2585810720920563,0.8703703703703703,0.4322008490562439,0.8541666666666666
190,0.24653580784797668,0.8981481481481481,0.4375258684158325,0.8541666666666666
191,0.24525782465934753,0.9166666666666666,0.43660545349121094,0.8541666666666666
192,0.22812819480895996,0.9166666666666666,0.4448607861995697,0.8333333333333334
193,0.24167361855506897,0.9074074074074074,0.44608625769615173,0.8541666666666666
194,0.23140130937099457,0.9074074074074074,0.4499194622039795,0.8125
195,0.22724592685699463,0.9074074074074074,0.4452873170375824,0.8541666666666666
196,0.2148001790046692,0.9074074074074074,0.44945669174194336,0.8333333333333334
197,0.21525312960147858,0.9074074074074074,0.4400295913219452,0.8541666666666666
198,0.21319036185741425,0.9166666666666666,0.4377318024635315,0.8333333333333334
199,0.21684123575687408,0.9259259259259259,0.43823036551475525,0.8333333333333334
200,0.2151392698287964,0.9166666666666666,0.4420066773891449,0.8333333333333334
201,0.19755035638809204,0.9444444444444444,0.4401649236679077,0.8333333333333334
202,0.21051886677742004,0.9259259259259259,0.43935543298721313,0.8125
203,0.20176251232624054,0.9351851851851852,0.4443248212337494,0.8125
204,0.20099735260009766,0.9351851851851852,0.448289155960083,0.8125
205,0.19389447569847107,0.9166666666666666,0.4510921835899353,0.8125
206,0.18017832934856415,0.9351851851851852,0.44496580958366394,0.8125
207,0.19193612039089203,0.9351851851851852,0.44683369994163513,0.8125
208,0.18084700405597687,0.9444444444444444,0.4468066394329071,0.8125
209,0.19818103313446045,0.9351851851851852,0.44688162207603455,0.8125
210,0.1798904985189438,0.9351851851851852,0.4484996199607849,0.8125
211,0.18766379356384277,0.9351851851851852,0.44719892740249634,0.8125
212,0.16453351080417633,0.9629629629629629,0.4469689726829529,0.8125
213,0.19205348193645477,0.9259259259259259,0.454140841960907,0.8125
214,0.18041542172431946,0.9259259259259259,0.4587256610393524,0.8125
215,0.18620117008686066,0.9444444444444444,0.4581019878387451,0.8125
216,0.17767849564552307,0.9537037037037037,0.46060261130332947,0.8125
217,0.17196260392665863,0.9444444444444444,0.4520372748374939,0.8125
218,0.17434807121753693,0.9259259259259259,0.4529549479484558,0.8125
219,0.15567436814308167,0.9629629629629629,0.4550228714942932,0.8125
220,0.17376096546649933,0.9444444444444444,0.45461878180503845,0.8125
221,0.1779942363500595,0.9537037037037037,0.45419490337371826,0.8125
222,0.15264663100242615,0.9629629629629629,0.4607088565826416,0.8125
223,0.16245266795158386,0.9351851851851852,0.4554802179336548,0.8125
224,0.14923439919948578,0.9537037037037037,0.4576321840286255,0.8125
225,0.1676764339208603,0.9351851851851852,0.4627784192562103,0.8125
226,0.1480756253004074,0.9629629629629629,0.458523690700531,0.8125
227,0.150234654545784,0.9537037037037037,0.46312427520751953,0.8125
228,0.14217130839824677,0.9722222222222222,0.4555254578590393,0.8125
229,0.13722345232963562,0.9629629629629629,0.46689820289611816,0.8125
230,0.13838604092597961,0.9814814814814815,0.46634626388549805,0.8125
231,0.14394092559814453,0.9629629629629629,0.47306570410728455,0.8125
232,0.13623730838298798,0.9629629629629629,0.46985185146331787,0.8125
233,0.1418510526418686,0.9537037037037037,0.4689791202545166,0.8125
234,0.1332365870475769,0.9629629629629629,0.46688908338546753,0.8125
235,0.12616360187530518,0.9722222222222222,0.4676748514175415,0.8125
236,0.1479307860136032,0.9629629629629629,0.4662696123123169,0.8125
237,0.1287725567817688,0.9722222222222222,0.4686247706413269,0.8125
238,0.13796015083789825,0.9722222222222222,0.46731218695640564,0.8125
239,0.12725482881069183,0.9722222222222222,0.4718303084373474,0.8125
240,0.12562766671180725,0.9814814814814815,0.4731311798095703,0.8125
241,0.11457357555627823,0.9907407407407407,0.4863066077232361,0.8125
242,0.12478367239236832,0.9814814814814815,0.4749476909637451,0.8125
243,0.11855210363864899,0.9814814814814815,0.46992501616477966,0.8125
244,0.115261971950531,0.9814814814814815,0.4762144684791565,0.8125
245,0.12248505651950836,0.9814814814814815,0.4778788983821869,0.8125
246,0.11847558617591858,0.9722222222222222,0.47444218397140503,0.8125
247,0.10630837082862854,1.0,0.4749729037284851,0.8125
248,0.1143149808049202,0.9907407407407407,0.48770588636398315,0.8125
249,0.107317253947258,0.9814814814814815,0.4800058603286743,0.8125
250,0.106611467897892,0.9722222222222222,0.4923591613769531,0.8125
251,0.10485314577817917,1.0,0.4941280484199524,0.8125
252,0.10277790576219559,0.9907407407407407,0.49228665232658386,0.8125
253,0.10934031754732132,1.0,0.48766547441482544,0.8125
254,0.1028236374258995,0.9814814814814815,0.4775230288505554,0.8125
255,0.10151346027851105,0.9907407407407407,0.48630425333976746,0.8125
256,0.0867668017745018,1.0,0.4828895330429077,0.8125
257,0.09604577720165253,0.9814814814814815,0.48689374327659607,0.8125
258,0.10002065449953079,0.9722222222222222,0.490511417388916,0.8125
259,0.10240624099969864,0.9814814814814815,0.4996591806411743,0.8125
260,0.09855570644140244,1.0,0.5126601457595825,0.7916666666666666
261,0.0855557918548584,1.0,0.5092348456382751,0.7916666666666666
262,0.09418245404958725,0.9814814814814815,0.505645751953125,0.8125
263,0.08409053087234497,1.0,0.5100281238555908,0.8125
264,0.08350848406553268,0.9814814814814815,0.5041422843933105,0.8125
265,0.08498886972665787,1.0,0.5033260583877563,0.8125
266,0.08199077099561691,1.0,0.5064834356307983,0.8125
267,0.08184780925512314,0.9907407407407407,0.5065511465072632,0.8125
268,0.07930086553096771,0.9907407407407407,0.5108227729797363,0.8125
269,0.08231688290834427,1.0,0.5071219205856323,0.8125
270,0.0814863070845604,0.9907407407407407,0.5189883708953857,0.8125
271,0.07889456301927567,0.9907407407407407,0.5169276595115662,0.8125
272,0.0850641280412674,0.9907407407407407,0.5130335688591003,0.8125
273,0.07523444294929504,1.0,0.524349570274353,0.8125
274,0.07822739332914352,0.9814814814814815,0.5132891535758972,0.8125
275,0.08441248536109924,1.0,0.5180302858352661,0.8125
276,0.07161201536655426,1.0,0.5146384239196777,0.8125
277,0.0726461187005043,1.0,0.5220687389373779,0.8125
278,0.0676661878824234,0.9814814814814815,0.5289058089256287,0.8125
279,0.0674973651766777,1.0,0.5294371843338013,0.8125
280,0.06065351143479347,1.0,0.5362985134124756,0.8125
281,0.07003255188465118,0.9907407407407407,0.5384778380393982,0.8125
282,0.06492556631565094,1.0,0.5419286489486694,0.8125
283,0.06940648704767227,1.0,0.5426201224327087,0.8125
284,0.06793317198753357,1.0,0.5329108238220215,0.8125
285,0.06037018075585365,1.0,0.5325741767883301,0.8125
286,0.057309847325086594,1.0,0.5308140516281128,0.8125
287,0.06578467786312103,1.0,0.5336658954620361,0.8125
288,0.06873118877410889,0.9907407407407407,0.5499298572540283,0.8125
289,0.06489802151918411,1.0,0.5412181615829468,0.8125
290,0.06401347368955612,0.9907407407407407,0.5517910718917847,0.8125
291,0.05743439868092537,1.0,0.554892897605896,0.8125
292,0.06103416904807091,1.0,0.5452825427055359,0.8125
293,0.06142600253224373,1.0,0.5461208820343018,0.8125
294,0.049503251910209656,1.0,0.5449580550193787,0.8125
295,0.05149875953793526,1.0,0.5432303547859192,0.8125
296,0.05332830548286438,1.0,0.5439136028289795,0.8125
297,0.05483069643378258,1.0,0.5455522537231445,0.8125
298,0.052217431366443634,1.0,0.552143394947052,0.8125
299,0.050722263753414154,1.0,0.5554687976837158,0.8125
300,0.05444443225860596,1.0,0.5644134879112244,0.8125
301,0.044884514063596725,1.0,0.5746143460273743,0.8125
302,0.05730511620640755,0.9907407407407407,0.5731351375579834,0.8125
303,0.04512172192335129,1.0,0.5728835463523865,0.7916666666666666
304,0.05574765428900719,1.0,0.5740405321121216,0.8125
305,0.04501798748970032,1.0,0.564666748046875,0.8125
306,0.05302166938781738,1.0,0.5654141902923584,0.8125
307,0.04337046295404434,1.0,0.5648887157440186,0.8125
308,0.04343954846262932,1.0,0.5621406435966492,0.8125
309,0.04167022928595543,1.0,0.5626487135887146,0.8125
310,0.04395143315196037,1.0,0.5575770735740662,0.8125
311,0.045154981315135956,1.0,0.5818206667900085,0.8125
312,0.043991826474666595,1.0,0.5800378322601318,0.8125
313,0.04165494069457054,1.0,0.5835790634155273,0.8125
314,0.03724440559744835,1.0,0.5786858797073364,0.8125
315,0.03956630080938339,1.0,0.5793836712837219,0.7916666666666666
316,0.03843944892287254,1.0,0.5798561573028564,0.8125
317,0.037554286420345306,1.0,0.5802459716796875,0.8125
318,0.03882838040590286,1.0,0.5878559947013855,0.8125
319,0.039589252322912216,1.0,0.5795659422874451,0.8125
320,0.03551502153277397,1.0,0.5769584774971008,0.8125
321,0.03706420958042145,1.0,0.5766410827636719,0.8125
322,0.04217427223920822,1.0,0.5818451046943665,0.8125
323,0.03946023806929588,1.0,0.5839369893074036,0.8125
324,0.03981039300560951,1.0,0.5911341905593872,0.8125
325,0.03511903062462807,1.0,0.5908038020133972,0.8125
326,0.033944979310035706,1.0,0.5911669135093689,0.7916666666666666
327,0.039509933441877365,1.0,0.5868535041809082,0.8125
328,0.036746490746736526,1.0,0.5979480147361755,0.8125
329,0.034507326781749725,1.0,0.5981670618057251,0.8125
330,0.03325900435447693,1.0,0.6063356399536133,0.8125
331,0.03512398153543472,1.0,0.5879154205322266,0.8125
332,0.03595443442463875,1.0,0.6067246794700623,0.8125
333,0.032663870602846146,1.0,0.6004303693771362,0.7916666666666666
334,0.035176683217287064,1.0,0.5996487736701965,0.8125
335,0.03113011084496975,1.0,0.6007972955703735,0.8125
336,0.030833089724183083,1.0,0.6104739308357239,0.8125
337,0.029168589040637016,1.0,0.6123740077018738,0.8125
338,0.035102955996990204,1.0,0.6032639741897583,0.8125
339,0.028911733999848366,1.0,0.5921595692634583,0.8125
340,0.03076440468430519,1.0,0.6017130613327026,0.8125
341,0.02973153255879879,1.0,0.604538083076477,0.8125
342,0.026966065168380737,1.0,0.6068398952484131,0.8125
343,0.02848818525671959,1.0,0.6093988418579102,0.8125
344,0.025403425097465515,1.0,0.6133546829223633,0.8125
345,0.026005564257502556,1.0,0.6214271187782288,0.8125
346,0.02544776163995266,1.0,0.6158157587051392,0.8125
347,0.03078078292310238,1.0,0.6154138445854187,0.8125
348,0.027420202270150185,1.0,0.623060405254364,0.8125
349,0.025445200502872467,1.0,0.618370771408081,0.8125
350,0.03035484068095684,1.0,0.6260892748832703,0.8125
351,0.031597722321748734,1.0,0.6178027391433716,0.8125
352,0.02927049621939659,1.0,0.6282855272293091,0.8125
353,0.02339605800807476,1.0,0.6281866431236267,0.8125
354,0.026905037462711334,1.0,0.6273874640464783,0.8125
355,0.027607891708612442,1.0,0.6308819055557251,0.7916666666666666
356,0.021974680945277214,1.0,0.6395549774169922,0.8125
357,0.025639504194259644,1.0,0.6405627131462097,0.7916666666666666
358,0.024785708636045456,1.0,0.6430710554122925,0.7916666666666666
359,0.023416677489876747,1.0,0.6487671732902527,0.7916666666666666
360,0.02669944241642952,1.0,0.64690101146698,0.7916666666666666
361,0.023688334971666336,1.0,0.6466209888458252,0.8125
362,0.022914988920092583,1.0,0.6379042863845825,0.8125
363,0.023260612040758133,1.0,0.6279244422912598,0.8125
364,0.021794624626636505,1.0,0.6373839974403381,0.8125
365,0.022799929603934288,1.0,0.6490844488143921,0.8125
366,0.02056628279387951,1.0,0.6480931043624878,0.8125
367,0.020156053826212883,1.0,0.6516157388687134,0.8125
368,0.019575564190745354,1.0,0.6452077627182007,0.8125
369,0.019363274797797203,1.0,0.6530836820602417,0.7916666666666666
370,0.022787947207689285,1.0,0.6595374345779419,0.7916666666666666
371,0.022739145904779434,1.0,0.653616189956665,0.8125
372,0.019801100715994835,1.0,0.6590603590011597,0.8125
373,0.02002105861902237,1.0,0.662943959236145,0.7916666666666666
374,0.02108953148126602,1.0,0.6626217365264893,0.8125
375,0.020086754113435745,1.0,0.6567492485046387,0.8125
376,0.01811010017991066,1.0,0.6668022871017456,0.8125
377,0.020691754296422005,1.0,0.6581913232803345,0.8125
378,0.01824956387281418,1.0,0.6512496471405029,0.8125
379,0.019954051822423935,1.0,0.6533100008964539,0.8125
380,0.02115524746477604,1.0,0.6597595810890198,0.8125
381,0.020387424156069756,1.0,0.6618281602859497,0.8125
382,0.016896739602088928,1.0,0.6639988422393799,0.8125
383,0.019744589924812317,1.0,0.6635661125183105,0.8125
384,0.019088072702288628,1.0,0.6684095859527588,0.7916666666666666
385,0.020889362320303917,1.0,0.6737840175628662,0.8125
386,0.020606383681297302,1.0,0.6817044615745544,0.7916666666666666
387,0.017974060028791428,1.0,0.6654486060142517,0.7916666666666666
388,0.017295096069574356,1.0,0.6828701496124268,0.7916666666666666
389,0.017547130584716797,1.0,0.6750017404556274,0.7916666666666666
390,0.016632113605737686,1.0,0.6731705069541931,0.8125
391,0.017554996535182,1.0,0.6728007197380066,0.7916666666666666
392,0.019488563761115074,1.0,0.6808022856712341,0.8125
393,0.017672358080744743,1.0,0.6781971454620361,0.8125
394,0.014974040910601616,1.0,0.6703134775161743,0.7916666666666666
395,0.014697069302201271,1.0,0.6841598749160767,0.8125
396,0.017299173399806023,1.0,0.668860912322998,0.8125
397,0.015045307576656342,1.0,0.6819944381713867,0.8125
398,0.02044850029051304,1.0,0.6762616038322449,0.8125
399,0.014358754269778728,1.0,0.6683644652366638,0.8125
400,0.015103625133633614,1.0,0.6763105392456055,0.8125
401,0.01606968604028225,1.0,0.6882652640342712,0.8125
402,0.01707342080771923,1.0,0.6879961490631104,0.8125
403,0.014799714088439941,1.0,0.694966733455658,0.7916666666666666
404,0.016620762646198273,1.0,0.6887132525444031,0.7916666666666666
405,0.017261043190956116,1.0,0.7009903788566589,0.7916666666666666
406,0.01552356593310833,1.0,0.6850666999816895,0.8125
407,0.015549931675195694,1.0,0.6870276927947998,0.8125
408,0.015499278903007507,1.0,0.6766732931137085,0.8125
409,0.015205438248813152,1.0,0.6858154535293579,0.8125
410,0.014523554593324661,1.0,0.6881752014160156,0.8125
411,0.01777178980410099,1.0,0.6958879828453064,0.8125
412,0.015001469291746616,1.0,0.6931493282318115,0.8125
413,0.014107814989984035,1.0,0.6932451128959656,0.8125
414,0.016005344688892365,1.0,0.7028869390487671,0.8125
415,0.014278613030910492,1.0,0.7097674608230591,0.8125
416,0.013240264728665352,1.0,0.6988363265991211,0.8125
417,0.016059812158346176,1.0,0.7073200941085815,0.7916666666666666
418,0.014657431282103062,1.0,0.7055771350860596,0.7916666666666666
419,0.012559784576296806,1.0,0.706893801689148,0.7916666666666666
420,0.013221864588558674,1.0,0.7095497846603394,0.8125
421,0.014551029540598392,1.0,0.7100695967674255,0.7916666666666666
422,0.01270176749676466,1.0,0.7023903727531433,0.8125
423,0.01518200058490038,1.0,0.7074999213218689,0.7916666666666666
424,0.012328107841312885,1.0,0.702453076839447,0.7916666666666666
425,0.017463216558098793,1.0,0.700154185295105,0.8125
426,0.013544239103794098,1.0,0.706162691116333,0.8125
427,0.014042407274246216,1.0,0.7071765661239624,0.8125
428,0.012935454957187176,1.0,0.7079050540924072,0.8125
429,0.015528014861047268,1.0,0.712815523147583,0.8125
430,0.014212305657565594,1.0,0.7116731405258179,0.7916666666666666
431,0.012691773474216461,1.0,0.7092601656913757,0.8125
432,0.01234919298440218,1.0,0.7204704284667969,0.7916666666666666
433,0.01254465151578188,1.0,0.7162250876426697,0.8125
434,0.012314187362790108,1.0,0.7207921743392944,0.7916666666666666
435,0.012982161715626717,1.0,0.7189511060714722,0.7916666666666666
436,0.012064196169376373,1.0,0.7183445692062378,0.8125
437,0.013114052824676037,1.0,0.7233077883720398,0.8125
438,0.012755568139255047,1.0,0.7222341895103455,0.8125
439,0.01241728849709034,1.0,0.722195565700531,0.7916666666666666
440,0.01175674144178629,1.0,0.7213033437728882,0.8125
441,0.010743007995188236,1.0,0.724677562713623,0.8125
442,0.011076545342803001,1.0,0.7144638299942017,0.7916666666666666
443,0.010904347524046898,1.0,0.7234980463981628,0.8125
444,0.012614674866199493,1.0,0.7205881476402283,0.8125
445,0.011724362149834633,1.0,0.7242507934570312,0.8125
446,0.01293982658535242,1.0,0.7274963855743408,0.7916666666666666
447,0.01323683187365532,1.0,0.7226881980895996,0.7916666666666666
448,0.011126331984996796,1.0,0.7206372618675232,0.8125
449,0.009834418073296547,1.0,0.722070574760437,0.8125
450,0.010946833528578281,1.0,0.7254180908203125,0.8125
451,0.01331622339785099,1.0,0.7235965132713318,0.8125
452,0.010226543061435223,1.0,0.7296963930130005,0.7916666666666666
453,0.011077058501541615,1.0,0.7195481061935425,0.8125
454,0.011641865596175194,1.0,0.7289190292358398,0.8125
455,0.010749343782663345,1.0,0.7292463183403015,0.8125
456,0.011560133658349514,1.0,0.7303853034973145,0.7916666666666666
457,0.012059642001986504,1.0,0.7217464447021484,0.8125
458,0.01043944712728262,1.0,0.7227073907852173,0.8125
459,0.010568968951702118,1.0,0.7300553321838379,0.7916666666666666
460,0.009812869131565094,1.0,0.7325520515441895,0.7916666666666666
461,0.00881689228117466,1.0,0.7242844104766846,0.8125
462,0.01170874573290348,1.0,0.7290531992912292,0.8125
463,0.009199593216180801,1.0,0.737241268157959,0.7916666666666666
464,0.011522779241204262,1.0,0.7372516393661499,0.8125
465,0.01118835061788559,1.0,0.7334615588188171,0.7916666666666666
466,0.010464439168572426,1.0,0.7371270656585693,0.8125
467,0.010060232132673264,1.0,0.7400813102722168,0.7916666666666666
468,0.010547262616455555,1.0,0.7386681437492371,0.8125
469,0.008975830860435963,1.0,0.7448348999023438,0.8125
470,0.009310365654528141,1.0,0.7345011234283447,0.8125
471,0.008580842986702919,1.0,0.7320406436920166,0.8125
472,0.009555725380778313,1.0,0.7353958487510681,0.8125
473,0.009701104834675789,1.0,0.7419704794883728,0.8125
474,0.009174033999443054,1.0,0.7340975999832153,0.8125
475,0.009669909253716469,1.0,0.7383937239646912,0.8125
476,0.008355969563126564,1.0,0.73966383934021,0.8125
477,0.009041155688464642,1.0,0.7450206279754639,0.8125
478,0.010077329352498055,1.0,0.7300722002983093,0.8125
479,0.009069539606571198,1.0,0.7459753751754761,0.8125
480,0.009840247221291065,1.0,0.7496939897537231,0.8125
481,0.010301493108272552,1.0,0.7499829530715942,0.8125
482,0.00983451772481203,1.0,0.7536154985427856,0.8125
483,0.008955467492341995,1.0,0.7442540526390076,0.8125
484,0.00982747133821249,1.0,0.7546533942222595,0.8125
485,0.009544936008751392,1.0,0.7554112672805786,0.7916666666666666
486,0.009392594918608665,1.0,0.7519538402557373,0.8125
487,0.008170802146196365,1.0,0.7539082765579224,0.8125
488,0.010079452767968178,1.0,0.7562074661254883,0.8125
489,0.008961200714111328,1.0,0.7417215704917908,0.7916666666666666
490,0.010913603939116001,1.0,0.7507342100143433,0.8125
491,0.008665604516863823,1.0,0.7409378886222839,0.8125
492,0.009520000778138638,1.0,0.7580221891403198,0.8125
493,0.00939686968922615,1.0,0.7558173537254333,0.8125
494,0.008249075151979923,1.0,0.7622694969177246,0.7916666666666666
495,0.00795748271048069,1.0,0.7540535926818848,0.8125
496,0.009672435000538826,1.0,0.7694104909896851,0.7916666666666666
497,0.009194472804665565,1.0,0.754745602607727,0.7916666666666666
498,0.00908720213919878,1.0,0.7627670168876648,0.7916666666666666
499,0.008146914653480053,1.0,0.7620917558670044,0.8125
500,0.008279098197817802,1.0,0.7497860193252563,0.8125
501,0.00917955581098795,1.0,0.7633020281791687,0.7916666666666666
502,0.008395764976739883,1.0,0.7489778399467468,0.7916666666666666
503,0.007322970312088728,1.0,0.7625364661216736,0.8125
504,0.007279753684997559,1.0,0.7457708120346069,0.8125
505,0.007922567427158356,1.0,0.7665233612060547,0.7916666666666666
506,0.008483195677399635,1.0,0.765174388885498,0.8125
507,0.008186036720871925,1.0,0.7713829874992371,0.7916666666666666
508,0.007892356254160404,1.0,0.7577230930328369,0.7916666666666666
509,0.008221334777772427,1.0,0.7642079591751099,0.8125
510,0.008129703812301159,1.0,0.7729103565216064,0.8125
511,0.00789404846727848,1.0,0.7730799913406372,0.7916666666666666
512,0.010321551002562046,1.0,0.7687551379203796,0.7916666666666666
513,0.007252943702042103,1.0,0.7730213403701782,0.7916666666666666
514,0.008419285528361797,1.0,0.7733012437820435,0.7916666666666666
515,0.008131969720125198,1.0,0.7757954597473145,0.8125
516,0.0077045694924890995,1.0,0.7778048515319824,0.7916666666666666
517,0.007844889536499977,1.0,0.7646023035049438,0.7916666666666666
518,0.008578102104365826,1.0,0.7707001566886902,0.8125
519,0.007825923152267933,1.0,0.7635475993156433,0.7916666666666666
520,0.007474150042980909,1.0,0.7552222609519958,0.8125
521,0.0074585494585335255,1.0,0.7736730575561523,0.7916666666666666
522,0.006727796979248524,1.0,0.7797493934631348,0.8125
523,0.006668477784842253,1.0,0.7808434367179871,0.8125
524,0.007125072181224823,1.0,0.7835478782653809,0.7916666666666666
525,0.007363471202552319,1.0,0.7720622420310974,0.7916666666666666
526,0.007826698943972588,1.0,0.7851923704147339,0.7916666666666666
527,0.006953365169465542,1.0,0.7625517845153809,0.7916666666666666
528,0.00761850131675601,1.0,0.7827825546264648,0.7916666666666666
529,0.007843691855669022,1.0,0.786735475063324,0.7916666666666666
530,0.007236665114760399,1.0,0.7827987670898438,0.7916666666666666
531,0.00867457315325737,1.0,0.7696988582611084,0.7916666666666666
532,0.00859791599214077,1.0,0.7742831110954285,0.8125
533,0.00739190774038434,1.0,0.780529260635376,0.8125
534,0.006938534788787365,1.0,0.7781281471252441,0.8125
535,0.0069482652470469475,1.0,0.7824194431304932,0.8125
536,0.00817595049738884,1.0,0.7811591029167175,0.7916666666666666
537,0.006528131663799286,1.0,0.7759563326835632,0.8125
538,0.006410990841686726,1.0,0.7840349078178406,0.8125
539,0.006370225455611944,1.0,0.7730604410171509,0.8125
540,0.005625272169709206,1.0,0.76729416847229,0.8125
541,0.007031043525785208,1.0,0.7849624156951904,0.7916666666666666
542,0.007213607896119356,1.0,0.7871501445770264,0.8125
543,0.007268160581588745,1.0,0.772030234336853,0.8125
544,0.007998223416507244,1.0,0.7781736254692078,0.7916666666666666
545,0.007611556444317102,1.0,0.7914726734161377,0.7916666666666666
546,0.00695339310914278,1.0,0.7922772169113159,0.7916666666666666
547,0.005813314113765955,1.0,0.787895143032074,0.8125
548,0.0065075913444161415,1.0,0.7916401624679565,0.7916666666666666
549,0.005509316921234131,1.0,0.7885727882385254,0.7916666666666666
550,0.007041862700134516,1.0,0.7953135371208191,0.7916666666666666
551,0.006394148804247379,1.0,0.7956368327140808,0.7916666666666666
552,0.006937862373888493,1.0,0.7937037944793701,0.7916666666666666
553,0.006502183619886637,1.0,0.7885308265686035,0.7916666666666666
554,0.007165685761719942,1.0,0.7814340591430664,0.8125
555,0.006856932770460844,1.0,0.7903354167938232,0.8125
556,0.006200810428708792,1.0,0.7839366793632507,0.8125
557,0.00620101997628808,1.0,0.7992334365844727,0.7916666666666666
558,0.006641806103289127,1.0,0.7839337587356567,0.8125
559,0.005896034650504589,1.0,0.7932237386703491,0.8125
560,0.006543629337102175,1.0,0.7935358881950378,0.7916666666666666
561,0.0065509844571352005,1.0,0.7980880737304688,0.7916666666666666
562,0.006742237601429224,1.0,0.7953718900680542,0.7916666666666666
563,0.00613782461732626,1.0,0.7827792167663574,0.8125
564,0.00675181532278657,1.0,0.793826699256897,0.8125
565,0.005838852375745773,1.0,0.7963477969169617,0.7916666666666666
566,0.00655036885291338,1.0,0.7893292903900146,0.8125
567,0.005951497238129377,1.0,0.8006495237350464,0.8125
568,0.006153874099254608,1.0,0.8014008402824402,0.7916666666666666
569,0.00549109885469079,1.0,0.7916657328605652,0.8125
570,0.006435759831219912,1.0,0.8002407550811768,0.7916666666666666
571,0.006430157460272312,1.0,0.8135248422622681,0.7916666666666666
572,0.005629955790936947,1.0,0.7991868257522583,0.7916666666666666
573,0.006791208870708942,1.0,0.7892929911613464,0.8125
574,0.005806776694953442,1.0,0.796428382396698,0.8125
575,0.005432108882814646,1.0,0.8059581518173218,0.7916666666666666
576,0.006308268755674362,1.0,0.791606605052948,0.8125
577,0.005923221353441477,1.0,0.7991389632225037,0.7916666666666666
578,0.0050502982921898365,1.0,0.7837485074996948,0.7916666666666666
579,0.0060967616736888885,1.0,0.794710636138916,0.8125
580,0.005895588081330061,1.0,0.80906742811203,0.7916666666666666
581,0.006008041091263294,1.0,0.7964738607406616,0.7916666666666666
582,0.0061689880676567554,1.0,0.811070442199707,0.7916666666666666
583,0.006387841887772083,1.0,0.8129150867462158,0.7916666666666666
584,0.0063698855228722095,1.0,0.8092001676559448,0.7916666666666666
585,0.00570445042103529,1.0,0.8117613196372986,0.7916666666666666
586,0.005964635871350765,1.0,0.8199762105941772,0.7916666666666666
587,0.005748691502958536,1.0,0.8122349977493286,0.7916666666666666
588,0.0052668508142232895,1.0,0.8240191340446472,0.7916666666666666
589,0.006221531890332699,1.0,0.8179576396942139,0.7916666666666666
590,0.006432100664824247,1.0,0.8073272705078125,0.7916666666666666
591,0.005249932873994112,1.0,0.8175148367881775,0.7916666666666666
592,0.005074030719697475,1.0,0.8204036951065063,0.7916666666666666
593,0.00610469002276659,1.0,0.8154628276824951,0.7916666666666666
594,0.006106809247285128,1.0,0.8069043159484863,0.7916666666666666
595,0.00533908698707819,1.0,0.8063995838165283,0.7916666666666666
596,0.005645146127790213,1.0,0.8121368288993835,0.8125
597,0.0051946500316262245,1.0,0.7945391535758972,0.7916666666666666
598,0.0052541811019182205,1.0,0.8072918653488159,0.8125
599,0.005274846684187651,1.0,0.8016725778579712,0.8125
600,0.0055518988519907,1.0,0.8118531107902527,0.8125
601,0.005148741416633129,1.0,0.8125113844871521,0.8125
602,0.005522986873984337,1.0,0.812086284160614,0.7916666666666666
603,0.005795699544250965,1.0,0.8128384351730347,0.8125
604,0.006024201866239309,1.0,0.8133336901664734,0.7916666666666666
605,0.005395895801484585,1.0,0.8050409555435181,0.7916666666666666
606,0.005835996009409428,1.0,0.8133975267410278,0.8125
607,0.005539089906960726,1.0,0.81840980052948,0.7916666666666666
608,0.006805030163377523,1.0,0.8192451000213623,0.7916666666666666
609,0.005316718947142363,1.0,0.8133932948112488,0.8125
610,0.005256373435258865,1.0,0.8307449817657471,0.7916666666666666
611,0.006129436194896698,1.0,0.8350076675415039,0.7916666666666666
612,0.0057596550323069096,1.0,0.8179070949554443,0.8125
613,0.0053355204872787,1.0,0.8174415826797485,0.7916666666666666
614,0.005351341795176268,1.0,0.8213671445846558,0.7916666666666666
615,0.005594626069068909,1.0,0.8086557388305664,0.7916666666666666
616,0.004310604650527239,1.0,0.8142892122268677,0.7916666666666666
617,0.0039666565135121346,1.0,0.8217952251434326,0.7916666666666666
618,0.004815046675503254,1.0,0.8188724517822266,0.7916666666666666
619,0.005621093790978193,1.0,0.8046938180923462,0.8125
620,0.004920436535030603,1.0,0.8177554607391357,0.8125
621,0.005282839294523001,1.0,0.826022744178772,0.7916666666666666
622,0.0059122806414961815,1.0,0.8184996843338013,0.7916666666666666
623,0.00498914485797286,1.0,0.817023754119873,0.7916666666666666
624,0.006179041229188442,1.0,0.8147146701812744,0.8125
625,0.004407932516187429,1.0,0.8148983716964722,0.8125
626,0.005077218636870384,1.0,0.8211454153060913,0.7916666666666666
627,0.005468939896672964,1.0,0.816680371761322,0.7916666666666666
628,0.00512896990403533,1.0,0.8148095011711121,0.8125
629,0.005021138582378626,1.0,0.8331867456436157,0.7916666666666666
630,0.0045375339686870575,1.0,0.8239535689353943,0.7916666666666666
631,0.00525178387761116,1.0,0.8271414041519165,0.8125
632,0.00463650980964303,1.0,0.830685019493103,0.7916666666666666
633,0.004421099554747343,1.0,0.8311285972595215,0.7916666666666666
634,0.004009030293673277,1.0,0.8397685885429382,0.7916666666666666
635,0.004877373110502958,1.0,0.8311383128166199,0.7916666666666666
636,0.004932337440550327,1.0,0.8244847059249878,0.7916666666666666
637,0.005167319905012846,1.0,0.8265528082847595,0.7916666666666666
638,0.004910578485578299,1.0,0.8279098868370056,0.7916666666666666
639,0.0056809596717357635,1.0,0.8233902454376221,0.7916666666666666
640,0.00442418223246932,1.0,0.8376492857933044,0.7916666666666666
641,0.005170589778572321,1.0,0.8270630240440369,0.7916666666666666
642,0.005280652549117804,1.0,0.8371421098709106,0.7916666666666666
643,0.005653365980833769,1.0,0.8251354694366455,0.7916666666666666
644,0.00424471590667963,1.0,0.8330187201499939,0.8125
645,0.005204256158322096,1.0,0.8221138715744019,0.7916666666666666
646,0.0047247945331037045,1.0,0.819993257522583,0.8125
647,0.004976736381649971,1.0,0.830533504486084,0.8125
648,0.0042835199274122715,1.0,0.827361524105072,0.8125
649,0.004660358652472496,1.0,0.8198422193527222,0.7916666666666666
650,0.005979565437883139,1.0,0.8384064435958862,0.7916666666666666
651,0.004551640246063471,1.0,0.8222452402114868,0.8125
652,0.004875766113400459,1.0,0.8208829760551453,0.7916666666666666
653,0.004676064942032099,1.0,0.8285550475120544,0.8125
654,0.004731074441224337,1.0,0.8251785039901733,0.8125
655,0.005371117033064365,1.0,0.8142644762992859,0.7916666666666666
656,0.0047263712622225285,1.0,0.825506329536438,0.7916666666666666
657,0.005214463919401169,1.0,0.8172170519828796,0.7916666666666666
658,0.005441258195787668,1.0,0.8434786796569824,0.8125
659,0.004857085179537535,1.0,0.8420152068138123,0.7916666666666666
660,0.0038511096499860287,1.0,0.8211504817008972,0.8125
661,0.0054706702940166,1.0,0.8344444632530212,0.7916666666666666
662,0.004990062676370144,1.0,0.8409335017204285,0.7916666666666666
663,0.0046323686838150024,1.0,0.8255283236503601,0.7916666666666666
664,0.004763511475175619,1.0,0.8257767558097839,0.7916666666666666
665,0.004687228240072727,1.0,0.8141723871231079,0.7916666666666666
666,0.004622510634362698,1.0,0.8327452540397644,0.7916666666666666
667,0.004494089167565107,1.0,0.8425428867340088,0.7916666666666666
668,0.00477141747251153,1.0,0.8324601054191589,0.8125
669,0.004128813277930021,1.0,0.8300907015800476,0.8125
670,0.0057388003915548325,1.0,0.8430126905441284,0.7916666666666666
671,0.004648612812161446,1.0,0.8409216403961182,0.7916666666666666
672,0.0046617635525763035,1.0,0.8342869281768799,0.7916666666666666
673,0.005107959266752005,1.0,0.8447972536087036,0.7916666666666666
674,0.0038635581731796265,1.0,0.8385953903198242,0.7916666666666666
675,0.0052649639546871185,1.0,0.8496832847595215,0.7916666666666666
676,0.0052604530937969685,1.0,0.8468181490898132,0.7916666666666666
677,0.00407316954806447,1.0,0.8428110480308533,0.7916666666666666
678,0.00410374766215682,1.0,0.8365094661712646,0.7916666666666666
679,0.0038952745962888002,1.0,0.8348708152770996,0.8125
680,0.00419999985024333,1.0,0.8460298776626587,0.7916666666666666
681,0.004743408411741257,1.0,0.8364174365997314,0.8125
682,0.003948763478547335,1.0,0.8318748474121094,0.8125
683,0.004519226960837841,1.0,0.8336777091026306,0.8125
684,0.0038592175114899874,1.0,0.8425685167312622,0.8125
685,0.004301019478589296,1.0,0.8267765045166016,0.8125
686,0.004164706915616989,1.0,0.8343368768692017,0.7916666666666666
687,0.004657337907701731,1.0,0.8270411491394043,0.7916666666666666
688,0.004200740717351437,1.0,0.8435722589492798,0.8125
689,0.004231263883411884,1.0,0.8340206146240234,0.7916666666666666
690,0.004466533660888672,1.0,0.8440741896629333,0.8125
691,0.004986117128282785,1.0,0.8276364207267761,0.7916666666666666
692,0.004911947995424271,1.0,0.8536390662193298,0.7916666666666666
693,0.0040829973295331,1.0,0.8439493179321289,0.8125
694,0.0041881464421749115,1.0,0.8443478941917419,0.8125
695,0.003991263918578625,1.0,0.8381837606430054,0.7916666666666666
696,0.00460308650508523,1.0,0.8512501120567322,0.7916666666666666
697,0.0064861224964261055,1.0,0.8355906009674072,0.8125
698,0.004580543376505375,1.0,0.8423603773117065,0.7916666666666666
699,0.004575743805617094,1.0,0.8452954292297363,0.7916666666666666
700,0.004618978593498468,1.0,0.8500823974609375,0.7916666666666666
701,0.004358753561973572,1.0,0.8446900844573975,0.7916666666666666
702,0.003681985894218087,1.0,0.8422912359237671,0.7916666666666666
703,0.0037572826258838177,1.0,0.8477632403373718,0.7916666666666666
704,0.00367273879237473,1.0,0.8432822227478027,0.7916666666666666
705,0.0038877774495631456,1.0,0.8505155444145203,0.7916666666666666
706,0.004717445932328701,1.0,0.8417279720306396,0.7916666666666666
707,0.004188557621091604,1.0,0.8303758502006531,0.8125
708,0.004269546829164028,1.0,0.8582242727279663,0.7916666666666666
709,0.0041035921312868595,1.0,0.8523498773574829,0.7916666666666666
710,0.0034452436957508326,1.0,0.8340123891830444,0.7916666666666666
711,0.004524529445916414,1.0,0.8552405834197998,0.7916666666666666
712,0.0037422040477395058,1.0,0.8536326289176941,0.7916666666666666
713,0.0038823646027594805,1.0,0.8515677452087402,0.7916666666666666
714,0.003630742896348238,1.0,0.8427320718765259,0.7916666666666666
715,0.0039770519360899925,1.0,0.846357524394989,0.7916666666666666
716,0.004024157300591469,1.0,0.8528675436973572,0.7916666666666666
717,0.004498983267694712,1.0,0.8427520990371704,0.7916666666666666
718,0.004430732689797878,1.0,0.8552061915397644,0.7916666666666666
719,0.004014915321022272,1.0,0.8568503260612488,0.7916666666666666
720,0.004165816120803356,1.0,0.850881814956665,0.7916666666666666
721,0.0037941657938063145,1.0,0.837899923324585,0.8125
722,0.004168638028204441,1.0,0.8459867238998413,0.7916666666666666
723,0.0038771016988903284,1.0,0.8356544971466064,0.8125
724,0.004188705235719681,1.0,0.8434836864471436,0.8125
725,0.003687402233481407,1.0,0.8399072885513306,0.7916666666666666
726,0.004202994517982006,1.0,0.8307688236236572,0.8125
727,0.003899184986948967,1.0,0.853191614151001,0.7916666666666666
728,0.004554688464850187,1.0,0.846711277961731,0.7916666666666666
729,0.004184782039374113,1.0,0.8377976417541504,0.8125
730,0.0037670263554900885,1.0,0.8498477935791016,0.7916666666666666
731,0.00414998596534133,1.0,0.8383144736289978,0.7916666666666666
732,0.0040068067610263824,1.0,0.8368407487869263,0.8125
733,0.004471963737159967,1.0,0.8518189191818237,0.7916666666666666
734,0.00435528764501214,1.0,0.8530842661857605,0.8125
735,0.004439437296241522,1.0,0.8499521613121033,0.7916666666666666
736,0.004316925071179867,1.0,0.8517709970474243,0.7916666666666666
737,0.003419969929382205,1.0,0.8557983636856079,0.7916666666666666
738,0.0038131573237478733,1.0,0.8613042235374451,0.7916666666666666
739,0.0033323699608445168,1.0,0.8521100878715515,0.7916666666666666
740,0.0049685328267514706,1.0,0.8488980531692505,0.7916666666666666
741,0.0036903326399624348,1.0,0.8606294989585876,0.7916666666666666
742,0.004766734316945076,1.0,0.846277117729187,0.7916666666666666
743,0.004931985400617123,1.0,0.8600413799285889,0.7916666666666666
744,0.004695566836744547,1.0,0.8519794940948486,0.8125
745,0.003924186807125807,1.0,0.8581611514091492,0.7916666666666666
746,0.003751955460757017,1.0,0.8485385179519653,0.7916666666666666
747,0.00421175267547369,1.0,0.860099196434021,0.7916666666666666
748,0.0038783398922532797,1.0,0.8568500876426697,0.7916666666666666
749,0.0033637729939073324,1.0,0.8641742467880249,0.7916666666666666
750,0.003298021387308836,1.0,0.8671379089355469,0.7916666666666666
751,0.004174298606812954,1.0,0.8574576377868652,0.7916666666666666
752,0.004202541895210743,1.0,0.8526004552841187,0.7916666666666666
753,0.004216364119201899,1.0,0.8675851821899414,0.7916666666666666
754,0.0032613377552479506,1.0,0.8620108366012573,0.7916666666666666
755,0.0037498369347304106,1.0,0.8562642335891724,0.8125
756,0.0035876648034900427,1.0,0.8540271520614624,0.7916666666666666
757,0.0029654945246875286,1.0,0.8451890349388123,0.8125
758,0.003549112007021904,1.0,0.8591877818107605,0.7916666666666666
759,0.003883595112711191,1.0,0.8585290908813477,0.7916666666666666
760,0.004303880501538515,1.0,0.8518639802932739,0.7916666666666666
761,0.0034980238415300846,1.0,0.8473268747329712,0.7916666666666666
762,0.003679541638121009,1.0,0.8468553423881531,0.8125
763,0.003441688371822238,1.0,0.8544989824295044,0.7916666666666666
764,0.004174486733973026,1.0,0.8515704870223999,0.7916666666666666
765,0.00437175715342164,1.0,0.8516353368759155,0.7916666666666666
766,0.0034419370349496603,1.0,0.8603479862213135,0.7916666666666666
767,0.0034088336396962404,1.0,0.8596925139427185,0.7916666666666666
768,0.0038233872037380934,1.0,0.8575283885002136,0.7916666666666666
769,0.003249203087761998,1.0,0.8703000545501709,0.7916666666666666
770,0.0035222903825342655,1.0,0.8542177081108093,0.7916666666666666
771,0.003509970149025321,1.0,0.8571397066116333,0.8125
772,0.0037482627667486668,1.0,0.8653349280357361,0.7916666666666666
773,0.003980643581598997,1.0,0.8470761775970459,0.8125
774,0.0037797444965690374,1.0,0.8608064651489258,0.7916666666666666
775,0.003767353715375066,1.0,0.8551706075668335,0.8125
776,0.003585637779906392,1.0,0.8631200194358826,0.7916666666666666
777,0.0035327125806361437,1.0,0.8499637842178345,0.7916666666666666
778,0.0033128915820270777,1.0,0.8584742546081543,0.7916666666666666
779,0.0032482892274856567,1.0,0.8618230819702148,0.7916666666666666
780,0.003299952019006014,1.0,0.8556296825408936,0.8125
781,0.0036395981442183256,1.0,0.8578611612319946,0.7916666666666666
782,0.0034718243405222893,1.0,0.8518584966659546,0.7916666666666666
783,0.0031868801452219486,1.0,0.8443353176116943,0.8125
784,0.003752637654542923,1.0,0.853126049041748,0.7916666666666666
785,0.0034010224044322968,1.0,0.8652526140213013,0.7916666666666666
786,0.003944019321352243,1.0,0.8651620745658875,0.7916666666666666
787,0.003977730870246887,1.0,0.861132025718689,0.8125
788,0.004164884332567453,1.0,0.8569140434265137,0.7916666666666666
789,0.003366574179381132,1.0,0.8461010456085205,0.7916666666666666
790,0.0031006166245788336,1.0,0.8516814708709717,0.8125
791,0.0032332618720829487,1.0,0.8521420955657959,0.7916666666666666
792,0.0033103167079389095,1.0,0.8540651202201843,0.7916666666666666
793,0.003700756933540106,1.0,0.8595670461654663,0.7916666666666666
794,0.0032950513996183872,1.0,0.8485242128372192,0.8125
795,0.0032779721077531576,1.0,0.857793927192688,0.8125
796,0.0038518684450536966,1.0,0.87148517370224,0.7916666666666666
797,0.003244641702622175,1.0,0.8560681343078613,0.8125
798,0.004392551723867655,1.0,0.8662276268005371,0.8125
799,0.0039008113089948893,1.0,0.8591386675834656,0.7916666666666666
800,0.003225073218345642,1.0,0.874506950378418,0.7916666666666666
801,0.0037207233253866434,1.0,0.8636399507522583,0.7916666666666666
802,0.0038853613659739494,1.0,0.8715710043907166,0.7916666666666666
803,0.0036186978686600924,1.0,0.8567116260528564,0.7916666666666666
804,0.0031050245743244886,1.0,0.8768836855888367,0.7916666666666666
805,0.003709471318870783,1.0,0.8478304147720337,0.8125
806,0.0037138687912374735,1.0,0.8587273359298706,0.8125
807,0.0036058290861546993,1.0,0.8688421249389648,0.7916666666666666
808,0.003411364508792758,1.0,0.8474817276000977,0.7916666666666666
809,0.003334763925522566,1.0,0.8638481497764587,0.7916666666666666
810,0.0036338733043521643,1.0,0.8478412628173828,0.7916666666666666
811,0.003553136019036174,1.0,0.8576675653457642,0.7916666666666666
812,0.0035414735320955515,1.0,0.8603405356407166,0.8125
813,0.0029718775767832994,1.0,0.8580445051193237,0.7916666666666666
814,0.0037982624489814043,1.0,0.8689059615135193,0.7916666666666666
815,0.0028261798433959484,1.0,0.8779785633087158,0.7916666666666666
816,0.00407015485689044,1.0,0.8579752445220947,0.7916666666666666
817,0.0032667857594788074,1.0,0.8615795373916626,0.7916666666666666
818,0.0033439199905842543,1.0,0.8477181196212769,0.8125
819,0.003851349698379636,1.0,0.8637243509292603,0.7916666666666666
820,0.0037190162111073732,1.0,0.858361005783081,0.7916666666666666
821,0.003582228673622012,1.0,0.8692828416824341,0.7916666666666666
822,0.0035148020833730698,1.0,0.8734349012374878,0.7916666666666666
823,0.004038784187287092,1.0,0.8611074686050415,0.7916666666666666
824,0.003487371141090989,1.0,0.8608747720718384,0.7916666666666666
825,0.0031883062329143286,1.0,0.8650810122489929,0.7916666666666666
826,0.004129176493734121,1.0,0.8686892986297607,0.7916666666666666
827,0.003416255349293351,1.0,0.8667639493942261,0.7916666666666666
828,0.0032405490055680275,1.0,0.8644961714744568,0.7916666666666666
829,0.004338688217103481,1.0,0.8666860461235046,0.7916666666666666
830,0.0030140685848891735,1.0,0.861268937587738,0.7916666666666666
831,0.004050840623676777,1.0,0.8711889982223511,0.7916666666666666
832,0.0030491799116134644,1.0,0.8662359118461609,0.7916666666666666
833,0.003682468319311738,1.0,0.8703107237815857,0.7916666666666666
834,0.003061029128730297,1.0,0.8639860153198242,0.8125
835,0.0027263385709375143,1.0,0.868186354637146,0.7916666666666666
836,0.004072918556630611,1.0,0.8706372976303101,0.7916666666666666
837,0.0036455646622925997,1.0,0.8859183192253113,0.7916666666666666
838,0.003900932613760233,1.0,0.8824204206466675,0.7916666666666666
839,0.003716823412105441,1.0,0.8655685782432556,0.7916666666666666
840,0.003945126663893461,1.0,0.865729808807373,0.8125
841,0.0030537410639226437,1.0,0.8753275871276855,0.7916666666666666
842,0.0029888972640037537,1.0,0.8751298785209656,0.8125
843,0.003467419184744358,1.0,0.8723665475845337,0.7916666666666666
844,0.0032493278849869967,1.0,0.8691525459289551,0.7916666666666666
845,0.004164829384535551,1.0,0.868405818939209,0.7916666666666666
846,0.0029220450669527054,1.0,0.8683995008468628,0.7916666666666666
847,0.0034394082613289356,1.0,0.8587059378623962,0.7916666666666666
848,0.003477776190266013,1.0,0.8689910769462585,0.7916666666666666
849,0.0034448946826159954,1.0,0.8665833473205566,0.7916666666666666
850,0.0027897970285266638,1.0,0.8790671229362488,0.7916666666666666
851,0.003587352577596903,1.0,0.8742132186889648,0.7916666666666666
852,0.0031475359573960304,1.0,0.875970721244812,0.7916666666666666
853,0.003309656633064151,1.0,0.8724308013916016,0.7916666666666666
854,0.00389589904807508,1.0,0.8634464144706726,0.7916666666666666
855,0.0028202589601278305,1.0,0.8867429494857788,0.8125
856,0.003478595055639744,1.0,0.872245192527771,0.7916666666666666
857,0.0040092188864946365,1.0,0.8747233152389526,0.7916666666666666
858,0.003927172627300024,1.0,0.8678747415542603,0.7916666666666666
859,0.0028319554403424263,1.0,0.8682848811149597,0.8125
860,0.003435895312577486,1.0,0.8716586828231812,0.7916666666666666
861,0.003443746129050851,1.0,0.8663517236709595,0.7916666666666666
862,0.0030781899113208055,1.0,0.8750479221343994,0.8125
863,0.0033099204301834106,1.0,0.8698194026947021,0.8125
864,0.0031125324312597513,1.0,0.8657078146934509,0.8125
865,0.0033995998091995716,1.0,0.8602622747421265,0.7916666666666666
866,0.0037734638899564743,1.0,0.8620208501815796,0.8125
867,0.0034448967780917883,1.0,0.8720426559448242,0.7916666666666666
868,0.0031116483733057976,1.0,0.8669685125350952,0.8125
869,0.003096845932304859,1.0,0.8554203510284424,0.8125
870,0.0030765593983232975,1.0,0.8560633063316345,0.7916666666666666
871,0.0035289041697978973,1.0,0.8645755052566528,0.7916666666666666
872,0.0039459834806621075,1.0,0.8760319948196411,0.7916666666666666
873,0.0037243214901536703,1.0,0.8571636080741882,0.8125
874,0.004055337980389595,1.0,0.8676230907440186,0.8125
875,0.0028741122223436832,1.0,0.8712565302848816,0.7916666666666666
876,0.0035435371100902557,1.0,0.8819046020507812,0.7916666666666666
877,0.003401573048904538,1.0,0.8667699098587036,0.7916666666666666
878,0.0029670819640159607,1.0,0.8686313629150391,0.8125
879,0.0025477781891822815,1.0,0.8746838569641113,0.7916666666666666
880,0.0027692813891917467,1.0,0.8669911623001099,0.7916666666666666
881,0.0035175217781215906,1.0,0.8578054308891296,0.8125
882,0.0030169475357979536,1.0,0.8693444132804871,0.8125
883,0.003074041800573468,1.0,0.8674131631851196,0.8125
884,0.003172412049025297,1.0,0.8617351055145264,0.7916666666666666
885,0.0032295910641551018,1.0,0.8780146837234497,0.7916666666666666
886,0.003968578763306141,1.0,0.8562847971916199,0.8125
887,0.0033384952694177628,1.0,0.8767780065536499,0.7916666666666666
888,0.002962396712973714,1.0,0.8691846132278442,0.7916666666666666
889,0.0028555523604154587,1.0,0.8685907125473022,0.8125
890,0.0038074778858572245,1.0,0.8667865991592407,0.8125
891,0.003126729978248477,1.0,0.8651949167251587,0.8125
892,0.003304335754364729,1.0,0.8753212690353394,0.8125
893,0.0033065404277294874,1.0,0.8802990913391113,0.8125
894,0.003264474682509899,1.0,0.8628695011138916,0.8125
895,0.003383571282029152,1.0,0.8692053556442261,0.7916666666666666
896,0.0030006880406290293,1.0,0.8794271349906921,0.7916666666666666
897,0.00344129279255867,1.0,0.8709989786148071,0.7916666666666666
898,0.002998622599989176,1.0,0.864965558052063,0.7916666666666666
899,0.0031961991917341948,1.0,0.8662490844726562,0.7916666666666666
900,0.0031455710995942354,1.0,0.8637001514434814,0.7916666666666666
901,0.003348714904859662,1.0,0.8720965385437012,0.8125
902,0.0037637432105839252,1.0,0.8753172755241394,0.7916666666666666
903,0.002833545207977295,1.0,0.8892871737480164,0.7916666666666666
904,0.003287100698798895,1.0,0.8684849739074707,0.7916666666666666
905,0.0033250555861741304,1.0,0.8641373515129089,0.7916666666666666
906,0.0031694499775767326,1.0,0.8737658858299255,0.7916666666666666
907,0.002942177467048168,1.0,0.8857628107070923,0.7916666666666666
908,0.0029874907340854406,1.0,0.8618260622024536,0.8125
909,0.0032055480405688286,1.0,0.8628008365631104,0.7916666666666666
910,0.003192740958184004,1.0,0.8719925880432129,0.8125
911,0.0030922116711735725,1.0,0.870492696762085,0.8125
912,0.0029574024956673384,1.0,0.8743151426315308,0.7916666666666666
913,0.0028745527379214764,1.0,0.867745041847229,0.8125
914,0.0029578176327049732,1.0,0.8829323053359985,0.7916666666666666
915,0.003191023599356413,1.0,0.8718218803405762,0.7916666666666666
916,0.003544585546478629,1.0,0.8712694644927979,0.7916666666666666
917,0.0030046789906919003,1.0,0.8704119920730591,0.7916666666666666
918,0.0035058960784226656,1.0,0.8691973090171814,0.7916666666666666
919,0.003518094075843692,1.0,0.8711037039756775,0.7916666666666666
920,0.0031645663548260927,1.0,0.8733929395675659,0.8125
921,0.003686123061925173,1.0,0.8724416494369507,0.8125
922,0.0036771828308701515,1.0,0.870517373085022,0.7916666666666666
923,0.0035803832579404116,1.0,0.8824024200439453,0.8125
924,0.0033252444118261337,1.0,0.8756608366966248,0.7916666666666666
925,0.0033910975325852633,1.0,0.8747731447219849,0.8125
926,0.0032463562674820423,1.0,0.8813151717185974,0.8125
927,0.003066858509555459,1.0,0.8742815852165222,0.7916666666666666
928,0.0032190934289246798,1.0,0.8631616830825806,0.7916666666666666
929,0.00346543756313622,1.0,0.8713082075119019,0.8125
930,0.0033502839505672455,1.0,0.8721094131469727,0.7916666666666666
931,0.0030959630385041237,1.0,0.8622800707817078,0.8125
932,0.0029920004308223724,1.0,0.8816386461257935,0.7916666666666666
933,0.002629701979458332,1.0,0.883553683757782,0.7916666666666666
934,0.002962003694847226,1.0,0.8849774599075317,0.7916666666666666
935,0.0029968922026455402,1.0,0.8797430396080017,0.7916666666666666
936,0.003185245208442211,1.0,0.8805897235870361,0.7916666666666666
937,0.003338887821882963,1.0,0.870689868927002,0.7916666666666666
938,0.002931681228801608,1.0,0.8820874094963074,0.7916666666666666
939,0.002946551889181137,1.0,0.8823053240776062,0.7916666666666666
940,0.002910041715949774,1.0,0.8768560886383057,0.8125
941,0.0028041221667081118,1.0,0.8828346729278564,0.7916666666666666
942,0.002748829312622547,1.0,0.8788689970970154,0.7916666666666666
943,0.0029136394150555134,1.0,0.8782815933227539,0.7916666666666666
944,0.0034097242169082165,1.0,0.8769761919975281,0.7916666666666666
945,0.002918425016105175,1.0,0.875447690486908,0.8125
946,0.00306626595556736,1.0,0.8845318555831909,0.7916666666666666
947,0.0029250276274979115,1.0,0.8863641023635864,0.7916666666666666
948,0.0030696173198521137,1.0,0.8759307265281677,0.7916666666666666
949,0.003036459907889366,1.0,0.8819839358329773,0.7916666666666666
950,0.003604788798838854,1.0,0.8836343288421631,0.7916666666666666
951,0.0033283145166933537,1.0,0.8802634477615356,0.8125
952,0.0031370935030281544,1.0,0.8811749219894409,0.8125
953,0.003255504183471203,1.0,0.8767260909080505,0.7916666666666666
954,0.0030446555465459824,1.0,0.8857366442680359,0.7916666666666666
955,0.002733005443587899,1.0,0.8806013464927673,0.7916666666666666
956,0.0031786069739609957,1.0,0.8723938465118408,0.7916666666666666
957,0.0027215073350816965,1.0,0.8737718462944031,0.8125
958,0.0029341031331568956,1.0,0.8864164352416992,0.7916666666666666
959,0.003192136064171791,1.0,0.871776819229126,0.7916666666666666
960,0.003345049452036619,1.0,0.8748583793640137,0.7916666666666666
961,0.0030469074845314026,1.0,0.8764426708221436,0.8125
962,0.0027568412479013205,1.0,0.8717593550682068,0.7916666666666666
963,0.002599532948806882,1.0,0.8912805914878845,0.8125
964,0.003065556287765503,1.0,0.8741647005081177,0.7916666666666666
965,0.002861572662368417,1.0,0.8713699579238892,0.7916666666666666
966,0.0030430748593062162,1.0,0.883684515953064,0.7916666666666666
967,0.0034737864043563604,1.0,0.8809219598770142,0.7916666666666666
968,0.002661284990608692,1.0,0.8762640953063965,0.7916666666666666
969,0.0029661711305379868,1.0,0.876905620098114,0.7916666666666666
970,0.0027888957411050797,1.0,0.8772668838500977,0.7916666666666666
971,0.003164700698107481,1.0,0.8865388631820679,0.7916666666666666
972,0.0030836695805191994,1.0,0.8808299899101257,0.7916666666666666
973,0.003328047227114439,1.0,0.8792511820793152,0.7916666666666666
974,0.0029684395994991064,1.0,0.8932725191116333,0.7916666666666666
975,0.0028249924071133137,1.0,0.8914791345596313,0.7916666666666666
976,0.003135228529572487,1.0,0.8868141174316406,0.8125
977,0.0036336625926196575,1.0,0.8780776262283325,0.7916666666666666
978,0.002596739213913679,1.0,0.8733819723129272,0.7916666666666666
979,0.0030286014080047607,1.0,0.8851412534713745,0.7916666666666666
980,0.002878036117181182,1.0,0.8718351721763611,0.7916666666666666
981,0.0033844741992652416,1.0,0.8757632970809937,0.7916666666666666
982,0.0031495983712375164,1.0,0.882893443107605,0.8125
983,0.002689916407689452,1.0,0.8863784074783325,0.7916666666666666
984,0.002538765547797084,1.0,0.8830245733261108,0.7916666666666666
985,0.002900903346017003,1.0,0.8734966516494751,0.7916666666666666
986,0.0031113261356949806,1.0,0.8793336153030396,0.8125
987,0.002953883958980441,1.0,0.8825542330741882,0.7916666666666666
988,0.003170210402458906,1.0,0.8693587779998779,0.7916666666666666
989,0.0031112253200262785,1.0,0.8790464401245117,0.7916666666666666
990,0.0028317798860371113,1.0,0.875873327255249,0.7916666666666666
991,0.003552001900970936,1.0,0.8850402235984802,0.8125
992,0.0029622234869748354,1.0,0.8851736783981323,0.7916666666666666
993,0.002657150849699974,1.0,0.8817185163497925,0.7916666666666666
994,0.002701719058677554,1.0,0.8811479806900024,0.7916666666666666
995,0.002998843789100647,1.0,0.8862498998641968,0.7916666666666666
996,0.003189154900610447,1.0,0.8839001059532166,0.8125
997,0.0030573795083910227,1.0,0.8850024938583374,0.7916666666666666
998,0.0030456893146038055,1.0,0.8888978958129883,0.7916666666666666
999,0.0026537140365689993,1.0,0.8824748396873474,0.7916666666666666
